State,District,Year,Spring Rainfall,Summer Rainfall,Autumn Rainfall,Winter Rainfall,Annual Rainfall,Flood,,,,,,,,,,,,,,
108,108001,2000,59.10,62.75,61.51,101.77,2566.19,0,,,,,,,,,,,,,,
108,108001,2001,41.70,55.98,62.99,75.72,2127.50,1,,,,,,,,,,,,,,
108,108001,2002,22.19,46.47,56.98,81.43,1863.70,1,,,,,,,,,,,,,,
108,108001,2003,43.81,40.92,75.26,123.99,2555.77,1,,,,,,,,,,,,,,
108,108001,2004,34.58,45.00,60.10,79.58,1973.39,1,,,,,,,,,,,,,,
108,108001,2005,24.37,56.64,53.40,108.96,2190.35,1,,,,,,,,,,,,,,
108,108001,2006,43.71,64.29,54.63,67.85,2074.29,1,,,,,,,,,,,,,,
108,108001,2007,35.11,50.00,76.77,77.75,2156.66,0,,,,,,,,,,,,,,
108,108001,2008,40.78,56.65,76.11,112.14,2571.02,1,,,,,,,,,,,,,,
108,108001,2009,60.41,61.23,80.96,94.60,2674.74,1,,,,,,,,,,,,,,
108,108001,2010,25.67,56.91,53.74,110.12,2217.90,1,,,,,,,,,,,,,,
108,108002,2000,58.16,55.98,58.94,88.85,2357.34,0,,,,,,,,,,,,,,
108,108002,2001,47.53,54.29,55.43,73.40,2075.78,0,,,,,,,,,,,,,,
108,108002,2002,31.52,47.24,54.18,75.18,1873.07,1,,,,,,,,,,,,,,
108,108002,2003,50.61,46.72,64.82,115.41,2498.04,1,,,,,,,,,,,,,,
108,108002,2004,46.98,42.24,55.71,77.13,1998.60,1,,,,,,,,,,,,,,
108,108002,2005,25.32,52.90,57.48,107.35,2187.42,0,,,,,,,,,,,,,,
108,108002,2006,54.81,65.12,57.96,73.43,2261.78,1,,,,,,,,,,,,,,
108,108002,2007,41.08,49.93,70.13,77.17,2144.78,0,,,,,,,,,,,,,,
108,108002,2008,55.64,53.96,81.04,107.20,2680.55,0,,,,,,,,,,,,,,a
108,108002,2009,71.96,58.92,81.17,94.13,2755.62,0,,,,,,,,,,,,,,
108,108002,2010,35.08,61.58,50.12,92.99,2157.96,1,,,,,,,,,,,,,,
108,108003,2000,58.16,55.98,58.94,88.85,2357.34,0,,,,,,,,,,,,,,
108,108003,2001,47.53,54.29,55.43,73.40,2075.78,0,,,,,,,,,,,,,,
108,108003,2002,31.52,47.24,54.18,75.18,1873.07,1,,,,,,,,,,,,,,
108,108003,2003,50.61,46.72,64.82,115.41,2498.04,1,,,,,,,,,,,,,,
108,108003,2004,46.98,42.24,55.71,77.13,1998.60,1,,,,,,,,,,,,,,
108,108003,2005,25.32,52.90,57.48,107.35,2187.42,0,,,,,,,,,,,,,,
108,108003,2006,54.81,65.12,57.96,73.43,2261.78,1,,,,,,,,,,,,,,
108,108003,2007,41.08,49.93,70.13,77.17,2144.78,1,,,,,,,,,,,,,,
108,108003,2008,55.64,53.96,81.04,107.20,2680.55,1,,,,,,,,,,,,,,
108,108003,2009,71.96,58.92,81.17,94.13,2755.62,0,,,,,,,,,,,,,,
108,108003,2010,35.08,61.58,50.12,92.99,2157.96,1,,,,,,,,,,,,,,
108,108004,2000,58.16,55.98,58.94,88.85,2357.34,0,,,,,,,,,,,,,,
108,108004,2001,47.53,54.29,55.43,73.40,2075.78,0,,,,,,,,,,,,,,
108,108004,2002,31.52,47.24,54.18,75.18,1873.07,0,,,,,,,,,,,,,,
108,108004,2003,50.61,46.72,64.82,115.41,2498.04,0,,,,,,,,,,,,,,
108,108004,2004,46.98,42.24,55.71,77.13,1998.60,0,,,,,,,,,,,,,,
108,108004,2005,25.32,52.90,57.48,107.35,2187.42,1,,,,,,,,,,,,,,
108,108004,2006,54.81,65.12,57.96,73.43,2261.78,0,,,,,,,,,,,,,,
108,108004,2007,41.08,49.93,70.13,77.17,2144.78,0,,,,,,,,,,,,,,
108,108004,2008,55.64,53.96,81.04,107.20,2680.55,1,,,,,,,,,,,,,,
108,108004,2009,71.96,58.92,81.17,94.13,2755.62,0,,,,,,,,,,,,,,
108,108004,2010,35.08,61.58,50.12,92.99,2157.96,0,,,,,,,,,,,,,,
108,108005,2000,58.97,53.84,60.30,91.70,2383.36,0,,,,,,,,,,,,,,
108,108005,2001,57.86,56.95,52.78,77.26,2203.62,0,,,,,,,,,,,,,,
108,108005,2002,38.66,50.73,54.60,77.79,1995.97,0,,,,,,,,,,,,,,
108,108005,2003,58.29,52.73,58.37,112.10,2533.38,0,,,,,,,,,,,,,,
108,108005,2004,58.38,42.48,55.65,79.33,2122.54,1,,,,,,,,,,,,,,
108,108005,2005,29.04,51.18,60.18,107.78,2233.68,0,,,,,,,,,,,,,,
108,108005,2006,69.24,65.80,61.92,85.27,2540.01,1,,,,,,,,,,,,,,
108,108005,2007,49.32,54.48,61.36,80.19,2208.09,1,,,,,,,,,,,,,,
108,108005,2008,70.07,52.07,78.28,108.30,2778.40,0,,,,,,,,,,,,,,
108,108005,2009,80.25,53.76,75.01,98.05,2763.68,0,,,,,,,,,,,,,,
108,108005,2010,46.50,67.87,50.68,80.83,2212.87,0,,,,,,,,,,,,,,
108,108006,2000,61.04,53.22,56.04,170.27,3065.18,0,,,,,,,,,,,,,,
108,108006,2001,53.00,38.02,57.56,101.83,2253.75,1,,,,,,,,,,,,,,
108,108006,2002,18.11,43.85,44.68,117.40,2016.35,1,,,,,,,,,,,,,,
108,108006,2003,35.90,34.66,59.39,138.51,2416.12,1,,,,,,,,,,,,,,
108,108006,2004,21.22,33.21,62.55,101.76,1968.62,1,,,,,,,,,,,,,,
108,108006,2005,21.90,49.73,44.66,147.36,2372.94,1,,,,,,,,,,,,,,
108,108006,2006,39.21,56.92,52.44,80.06,2057.66,1,,,,,,,,,,,,,,
108,108006,2007,32.81,39.09,70.94,88.18,2079.21,1,,,,,,,,,,,,,,
108,108006,2008,33.95,48.83,50.83,183.56,2854.46,1,,,,,,,,,,,,,,
108,108006,2009,63.76,47.24,58.08,123.87,2636.55,1,,,,,,,,,,,,,,
108,108006,2010,20.74,42.09,53.97,158.51,2477.77,1,,,,,,,,,,,,,,
109,109001,2000,43.91,76.71,67.64,104.99,2639.22,0,,,,,,,,,,,,,,
109,109001,2001,43.85,53.78,64.48,80.95,2187.49,0,,,,,,,,,,,,,,
109,109001,2002,6.80,46.60,59.77,78.64,1726.33,0,,,,,,,,,,,,,,
109,109001,2003,27.87,37.41,84.47,106.76,2308.59,0,,,,,,,,,,,,,,
109,109001,2004,18.13,57.92,64.19,59.77,1800.07,0,,,,,,,,,,,,,,
109,109001,2005,19.73,56.23,51.60,122.44,2250.09,1,,,,,,,,,,,,,,
109,109001,2006,37.14,64.03,55.73,55.95,1915.57,1,,,,,,,,,,,,,,
109,109001,2007,28.73,58.46,78.81,78.84,2203.57,0,,,,,,,,,,,,,,
109,109001,2008,24.17,65.21,67.63,106.83,2374.57,0,,,,,,,,,,,,,,
109,109001,2009,39.90,53.12,75.29,87.83,2305.25,1,,,,,,,,,,,,,,
109,109001,2010,20.11,59.08,58.84,119.35,2316.45,1,,,,,,,,,,,,,,
102,102001,2000,43.91,76.71,67.64,104.99,2639.22,0,,,,,,,,,,,,,,
102,102001,2001,43.85,53.78,64.48,80.95,2187.49,0,,,,,,,,,,,,,,
102,102001,2002,6.80,46.60,59.77,78.64,1726.33,1,,,,,,,,,,,,,,
102,102001,2003,27.87,37.41,84.47,106.76,2308.59,1,,,,,,,,,,,,,,
102,102001,2004,18.13,57.92,64.19,59.77,1800.07,0,,,,,,,,,,,,,,
102,102001,2005,19.73,56.23,51.60,122.44,2250.09,1,,,,,,,,,,,,,,
102,102001,2006,37.14,64.03,55.73,55.95,1915.57,1,,,,,,,,,,,,,,
102,102001,2007,28.73,58.46,78.81,78.84,2203.57,1,,,,,,,,,,,,,,
102,102001,2008,24.17,65.21,67.63,106.83,2374.57,1,,,,,,,,,,,,,,
102,102001,2009,39.90,53.12,75.29,87.83,2305.25,1,,,,,,,,,,,,,,
102,102001,2010,20.11,59.08,58.84,119.35,2316.45,1,,,,,,,,,,,,,,
102,102002,2000,51.26,75.26,66.83,91.49,2563.48,0,,,,,,,,,,,,,,
102,102002,2001,40.89,61.44,70.10,72.59,2205.11,0,,,,,,,,,,,,,,
102,102002,2002,10.27,48.15,63.06,72.93,1749.71,0,,,,,,,,,,,,,,
102,102002,2003,33.00,38.94,89.07,108.29,2423.66,1,,,,,,,,,,,,,,
102,102002,2004,22.91,55.56,65.82,61.26,1849.96,0,,,,,,,,,,,,,,
102,102002,2005,22.73,59.57,53.08,103.80,2152.63,0,,,,,,,,,,,,,,
102,102002,2006,38.84,69.37,57.54,57.06,2005.26,0,,,,,,,,,,,,,,
102,102002,2007,30.66,58.67,82.39,76.71,2235.83,1,,,,,,,,,,,,,,
102,102002,2008,29.14,65.73,75.26,98.21,2415.15,1,,,,,,,,,,,,,,
102,102002,2009,45.23,58.76,82.88,85.52,2451.58,1,,,,,,,,,,,,,,
102,102002,2010,22.16,62.13,60.14,108.80,2279.06,0,,,,,,,,,,,,,,
102,102003,2000,51.26,75.26,66.83,91.49,2563.48,0,,,,,,,,,,,,,,
102,102003,2001,40.89,61.44,70.10,72.59,2205.11,0,,,,,,,,,,,,,,
102,102003,2002,10.27,48.15,63.06,72.93,1749.71,1,,,,,,,,,,,,,,
102,102003,2003,33.00,38.94,89.07,108.29,2423.66,1,,,,,,,,,,,,,,
102,102003,2004,22.91,55.56,65.82,61.26,1849.96,0,,,,,,,,,,,,,,
102,102003,2005,22.73,59.57,53.08,103.80,2152.63,0,,,,,,,,,,,,,,
102,102003,2006,38.84,69.37,57.54,57.06,2005.26,0,,,,,,,,,,,,,,
102,102003,2007,30.66,58.67,82.39,76.71,2235.83,1,,,,,,,,,,,,,,
102,102003,2008,29.14,65.73,75.26,98.21,2415.15,1,,,,,,,,,,,,,,
102,102003,2009,45.23,58.76,82.88,85.52,2451.58,0,,,,,,,,,,,,,,
102,102003,2010,22.16,62.13,60.14,108.80,2279.06,1,,,,,,,,,,,,,,
102,102004,2000,55.51,66.68,63.68,123.36,2783.11,0,,,,,,,,,,,,,,
102,102004,2001,43.14,53.33,65.95,85.35,2229.95,0,,,,,,,,,,,,,,
102,102004,2002,14.26,46.05,56.26,92.28,1879.75,1,,,,,,,,,,,,,,
102,102004,2003,36.78,37.12,78.30,128.45,2525.90,1,,,,,,,,,,,,,,
102,102004,2004,24.59,47.02,63.56,80.32,1939.41,0,,,,,,,,,,,,,,
102,102004,2005,22.76,56.94,49.89,120.02,2246.41,1,,,,,,,,,,,,,,
102,102004,2006,39.04,61.56,52.62,67.15,1983.30,1,,,,,,,,,,,,,,
102,102004,2007,31.94,51.00,76.76,82.03,2175.54,1,,,,,,,,,,,,,,
102,102004,2008,31.75,57.62,67.07,128.77,2566.88,1,,,,,,,,,,,,,,
102,102004,2009,52.27,57.24,74.40,99.25,2548.42,1,,,,,,,,,,,,,,
102,102004,2010,21.05,52.60,55.99,128.96,2327.51,1,,,,,,,,,,,,,,
102,102005,2000,43.05,82.74,71.28,81.54,2507.42,0,,,,,,,,,,,,,,
102,102005,2001,45.74,60.45,67.47,70.42,2196.75,0,,,,,,,,,,,,,,
102,102005,2002,5.74,50.34,66.75,64.55,1686.50,0,,,,,,,,,,,,,,
102,102005,2003,25.62,40.02,92.77,87.24,2210.89,1,,,,,,,,,,,,,,
102,102005,2004,17.29,64.65,68.85,46.97,1779.82,0,,,,,,,,,,,,,,
102,102005,2005,18.71,59.70,53.49,109.37,2171.45,1,,,,,,,,,,,,,,
102,102005,2006,36.06,73.67,63.26,48.86,1996.71,0,,,,,,,,,,,,,,
102,102005,2007,27.53,63.93,83.78,72.03,2225.46,1,,,,,,,,,,,,,,
102,102005,2008,22.40,70.88,69.31,87.05,2246.74,0,,,,,,,,,,,,,,
102,102005,2009,37.44,53.37,79.07,79.00,2239.87,1,,,,,,,,,,,,,,
102,102005,2010,21.02,65.61,62.07,103.81,2272.64,0,,,,,,,,,,,,,,
106,107001,2000,54.22,68.44,64.70,84.53,2447.01,0,,,,,,,,,,,,,,
106,107001,2001,40.75,63.99,71.21,72.29,2234.16,1,,,,,,,,,,,,,,
106,107001,2002,17.01,47.77,62.42,68.52,1761.37,1,,,,,,,,,,,,,,
106,107001,2003,38.38,43.06,86.43,108.48,2487.11,1,,,,,,,,,,,,,,
106,107001,2004,31.30,50.97,64.76,62.41,1884.94,1,,,,,,,,,,,,,,
106,107001,2005,24.07,57.59,57.42,98.43,2137.57,1,,,,,,,,,,,,,,
106,107001,2006,43.30,72.45,59.54,62.10,2136.46,0,,,,,,,,,,,,,,
106,107001,2007,34.76,57.29,81.73,79.79,2282.13,1,,,,,,,,,,,,,,
106,107001,2008,39.48,62.46,83.94,96.19,2538.56,1,,,,,,,,,,,,,,
106,107001,2009,54.05,63.00,89.47,85.58,2628.86,1,,,,,,,,,,,,,,
106,107001,2010,27.36,63.74,59.88,101.08,2268.54,1,,,,,,,,,,,,,,
106,107002,2000,54.22,68.44,64.70,84.53,2447.01,0,,,,,,,,,,,,,,
106,107002,2001,40.75,63.99,71.21,72.29,2234.16,1,,,,,,,,,,,,,,
106,107002,2002,17.01,47.77,62.42,68.52,1761.37,1,,,,,,,,,,,,,,
106,107002,2003,38.38,43.06,86.43,108.48,2487.11,1,,,,,,,,,,,,,,
106,107002,2004,31.30,50.97,64.76,62.41,1884.94,1,,,,,,,,,,,,,,
106,107002,2005,24.07,57.59,57.42,98.43,2137.57,1,,,,,,,,,,,,,,
106,107002,2006,43.30,72.45,59.54,62.10,2136.46,0,,,,,,,,,,,,,,
106,107002,2007,34.76,57.29,81.73,79.79,2282.13,1,,,,,,,,,,,,,,
106,107002,2008,39.48,62.46,83.94,96.19,2538.56,1,,,,,,,,,,,,,,
106,107002,2009,54.05,63.00,89.47,85.58,2628.86,1,,,,,,,,,,,,,,
106,107002,2010,27.36,63.74,59.88,101.08,2268.54,1,,,,,,,,,,,,,,
106,107003,2000,54.22,68.44,64.70,84.53,2447.01,0,,,,,,,,,,,,,,
106,107003,2001,40.75,63.99,71.21,72.29,2234.16,1,,,,,,,,,,,,,,
106,107003,2002,17.01,47.77,62.42,68.52,1761.37,1,,,,,,,,,,,,,,
106,107003,2003,38.38,43.06,86.43,108.48,2487.11,1,,,,,,,,,,,,,,
106,107003,2004,31.30,50.97,64.76,62.41,1884.94,1,,,,,,,,,,,,,,
106,107003,2005,24.07,57.59,57.42,98.43,2137.57,1,,,,,,,,,,,,,,
106,107003,2006,43.30,72.45,59.54,62.10,2136.46,0,,,,,,,,,,,,,,
106,107003,2007,34.76,57.29,81.73,79.79,2282.13,1,,,,,,,,,,,,,,
106,107003,2008,39.48,62.46,83.94,96.19,2538.56,1,,,,,,,,,,,,,,
106,107003,2009,54.05,63.00,89.47,85.58,2628.86,1,,,,,,,,,,,,,,
106,107003,2010,27.36,63.74,59.88,101.08,2268.54,1,,,,,,,,,,,,,,
109,109001,2000,62.64,58.23,63.54,92.71,2494.09,0,,,,,,,,,,,,,,
109,109001,2001,70.14,67.16,49.36,71.87,2326.86,1,,,,,,,,,,,,,,
109,109001,2002,41.36,61.51,61.49,91.89,2306.29,1,,,,,,,,,,,,,,
109,109001,2003,69.06,55.63,52.30,110.61,2588.39,1,,,,,,,,,,,,,,
109,109001,2004,71.13,44.83,59.96,90.64,2399.10,1,,,,,,,,,,,,,,
109,109001,2005,39.49,53.43,58.35,94.99,2216.44,1,,,,,,,,,,,,,,
109,109001,2006,88.77,60.62,65.27,102.76,2856.75,1,,,,,,,,,,,,,,
109,109001,2007,66.72,69.58,52.41,80.34,2421.39,1,,,,,,,,,,,,,,
109,109001,2008,90.29,56.41,66.24,108.17,2890.00,1,,,,,,,,,,,,,,
109,109001,2009,88.04,48.94,61.07,103.97,2718.12,1,,,,,,,,,,,,,,
109,109001,2010,55.75,81.17,58.80,72.78,2416.59,1,,,,,,,,,,,,,,
109,109002,2000,66.48,60.81,69.96,102.23,2695.30,0,,,,,,,,,,,,,,
109,109002,2001,75.57,76.74,56.47,75.67,2559.97,0,,,,,,,,,,,,,,
109,109002,2002,41.22,66.32,70.55,95.22,2459.71,0,,,,,,,,,,,,,,
109,109002,2003,72.78,59.39,55.51,108.30,2663.84,0,,,,,,,,,,,,,,
109,109002,2004,71.79,49.27,64.96,91.79,2500.24,0,,,,,,,,,,,,,,
109,109002,2005,43.85,55.56,61.30,88.67,2244.37,0,,,,,,,,,,,,,,
109,109002,2006,92.15,62.06,68.33,113.55,3024.80,0,,,,,,,,,,,,,,
109,109002,2007,74.49,80.19,52.36,85.37,2631.76,0,,,,,,,,,,,,,,
109,109002,2008,96.90,61.41,63.25,107.89,2964.99,0,,,,,,,,,,,,,,
109,109002,2009,87.79,48.87,60.27,108.17,2745.90,0,,,,,,,,,,,,,,
109,109002,2010,62.42,91.32,65.80,72.70,2630.11,0,,,,,,,,,,,,,,
109,109003,2000,64.62,58.34,69.46,96.62,2601.40,0,,,,,,,,,,,,,,
109,109003,2001,73.06,75.76,55.52,71.40,2481.62,1,,,,,,,,,,,,,,
109,109003,2002,40.84,65.46,70.35,92.97,2426.55,1,,,,,,,,,,,,,,
109,109003,2003,70.72,58.92,53.36,104.28,2585.60,1,,,,,,,,,,,,,,
109,109003,2004,72.40,47.60,64.33,86.90,2441.07,1,,,,,,,,,,,,,,
109,109003,2005,43.34,54.40,61.11,85.35,2197.86,1,,,,,,,,,,,,,,
109,109003,2006,91.10,61.13,68.22,111.75,2989.89,1,,,,,,,,,,,,,,
109,109003,2007,73.80,78.79,51.60,79.83,2556.16,1,,,,,,,,,,,,,,
109,109003,2008,95.14,62.37,61.87,106.13,2929.58,1,,,,,,,,,,,,,,
109,109003,2009,85.65,46.85,60.17,102.02,2652.26,1,,,,,,,,,,,,,,
109,109003,2010,62.55,91.45,65.23,69.90,2602.19,1,,,,,,,,,,,,,,
109,109004,2000,66.48,60.81,69.96,102.23,2695.30,0,,,,,,,,,,,,,,
109,109004,2001,75.57,76.74,56.47,75.67,2559.97,1,,,,,,,,,,,,,,
109,109004,2002,41.22,66.32,70.55,95.22,2459.71,1,,,,,,,,,,,,,,
109,109004,2003,72.78,59.39,55.51,108.30,2663.84,1,,,,,,,,,,,,,,
109,109004,2004,71.79,49.27,64.96,91.79,2500.24,1,,,,,,,,,,,,,,
109,109004,2005,43.85,55.56,61.30,88.67,2244.37,1,,,,,,,,,,,,,,
109,109004,2006,92.15,62.06,68.33,113.55,3024.80,1,,,,,,,,,,,,,,
109,109004,2007,74.49,80.19,52.36,85.37,2631.76,1,,,,,,,,,,,,,,
109,109004,2008,96.90,61.41,63.25,107.89,2964.99,1,,,,,,,,,,,,,,
109,109004,2009,87.79,48.87,60.27,108.17,2745.90,1,,,,,,,,,,,,,,
109,109004,2010,62.42,91.32,65.80,72.70,2630.11,1,,,,,,,,,,,,,,
109,109005,2000,64.62,58.34,69.46,96.62,2601.40,0,,,,,,,,,,,,,,
109,109005,2001,73.06,75.76,55.52,71.40,2481.62,1,,,,,,,,,,,,,,
109,109005,2002,40.84,65.46,70.35,92.97,2426.55,1,,,,,,,,,,,,,,
109,109005,2003,70.72,58.92,53.36,104.28,2585.60,1,,,,,,,,,,,,,,
109,109005,2004,72.40,47.60,64.33,86.90,2441.07,1,,,,,,,,,,,,,,
109,109005,2005,43.34,54.40,61.11,85.35,2197.86,1,,,,,,,,,,,,,,
109,109005,2006,91.10,61.13,68.22,111.75,2989.89,1,,,,,,,,,,,,,,
109,109005,2007,73.80,78.79,51.60,79.83,2556.16,1,,,,,,,,,,,,,,
109,109005,2008,95.14,62.37,61.87,106.13,2929.58,1,,,,,,,,,,,,,,
109,109005,2009,85.65,46.85,60.17,102.02,2652.26,1,,,,,,,,,,,,,,
109,109005,2010,62.55,91.45,65.23,69.90,2602.19,1,,,,,,,,,,,,,,
109,109006,2000,63.42,54.69,73.02,95.54,2580.06,0,,,,,,,,,,,,,,
109,109006,2001,70.74,78.34,60.53,71.69,2531.72,0,,,,,,,,,,,,,,
109,109006,2002,40.03,66.77,79.41,86.88,2457.83,0,,,,,,,,,,,,,,
109,109006,2003,70.18,60.83,54.02,94.88,2519.27,0,,,,,,,,,,,,,,
109,109006,2004,67.76,49.54,64.97,80.14,2361.71,0,,,,,,,,,,,,,,
109,109006,2005,42.11,53.44,67.45,80.52,2191.62,0,,,,,,,,,,,,,,
109,109006,2006,82.44,60.84,68.56,111.12,2906.55,0,,,,,,,,,,,,,,
109,109006,2007,71.03,79.04,53.98,79.66,2553.36,1,,,,,,,,,,,,,,
109,109006,2008,88.09,65.84,61.63,99.10,2831.92,0,,,,,,,,,,,,,,
109,109006,2009,76.96,43.73,62.70,96.52,2519.30,1,,,,,,,,,,,,,,
109,109006,2010,62.51,93.90,66.80,68.31,2623.66,0,,,,,,,,,,,,,,
113,113001,2000,64.62,58.34,69.46,96.62,2601.40,0,,,,,,,,,,,,,,
113,113001,2001,73.06,75.76,55.52,71.40,2481.62,1,,,,,,,,,,,,,,
113,113001,2002,40.84,65.46,70.35,92.97,2426.55,1,,,,,,,,,,,,,,
113,113001,2003,70.72,58.92,53.36,104.28,2585.60,1,,,,,,,,,,,,,,
113,113001,2004,72.40,47.60,64.33,86.90,2441.07,1,,,,,,,,,,,,,,
113,113001,2005,43.34,54.40,61.11,85.35,2197.86,1,,,,,,,,,,,,,,
113,113001,2006,91.10,61.13,68.22,111.75,2989.89,1,,,,,,,,,,,,,,
113,113001,2007,73.80,78.79,51.60,79.83,2556.16,1,,,,,,,,,,,,,,
113,113001,2008,95.14,62.37,61.87,106.13,2929.58,1,,,,,,,,,,,,,,
113,113001,2009,85.65,46.85,60.17,102.02,2652.26,1,,,,,,,,,,,,,,
113,113001,2010,62.55,91.45,65.23,69.90,2602.19,1,,,,,,,,,,,,,,
105,105001,2000,63.42,54.69,73.02,95.54,2580.06,0,,,,,,,,,,,,,,
105,105001,2001,70.74,78.34,60.53,71.69,2531.72,0,,,,,,,,,,,,,,
105,105001,2002,40.03,66.77,79.41,86.88,2457.83,0,,,,,,,,,,,,,,
105,105001,2003,70.18,60.83,54.02,94.88,2519.27,0,,,,,,,,,,,,,,
105,105001,2004,67.76,49.54,64.97,80.14,2361.71,0,,,,,,,,,,,,,,
105,105001,2005,42.11,53.44,67.45,80.52,2191.62,0,,,,,,,,,,,,,,
105,105001,2006,82.44,60.84,68.56,111.12,2906.55,0,,,,,,,,,,,,,,
105,105001,2007,71.03,79.04,53.98,79.66,2553.36,1,,,,,,,,,,,,,,
105,105001,2008,88.09,65.84,61.63,99.10,2831.92,0,,,,,,,,,,,,,,
105,105001,2009,76.96,43.73,62.70,96.52,2519.30,0,,,,,,,,,,,,,,
105,105001,2010,62.51,93.90,66.80,68.31,2623.66,0,,,,,,,,,,,,,,
105,105002,2000,61.22,46.77,73.08,88.42,2425.44,0,,,,,,,,,,,,,,
105,105002,2001,65.43,73.81,63.90,76.77,2519.13,1,,,,,,,,,,,,,,
105,105002,2002,37.50,64.56,89.41,70.08,2353.94,1,,,,,,,,,,,,,,
105,105002,2003,67.83,59.99,53.79,79.79,2352.63,0,,,,,,,,,,,,,,
105,105002,2004,57.16,50.93,61.35,70.55,2159.92,1,,,,,,,,,,,,,,
105,105002,2005,34.26,50.85,74.97,80.07,2161.37,1,,,,,,,,,,,,,,
105,105002,2006,62.10,60.08,64.94,101.09,2593.90,1,,,,,,,,,,,,,,
105,105002,2007,57.86,68.83,59.94,86.05,2454.10,1,,,,,,,,,,,,,,
105,105002,2008,68.80,64.52,67.43,83.24,2555.96,1,,,,,,,,,,,,,,
105,105002,2009,58.78,40.19,67.40,90.67,2313.27,1,,,,,,,,,,,,,,
105,105002,2010,52.15,85.33,63.69,66.82,2411.96,1,,,,,,,,,,,,,,
104,104001,2000,61.22,46.77,73.08,88.42,2425.44,0,,,,,,,,,,,,,,
104,104001,2001,65.43,73.81,63.90,76.77,2519.13,1,,,,,,,,,,,,,,
104,104001,2002,37.50,64.56,89.41,70.08,2353.94,0,,,,,,,,,,,,,,
104,104001,2003,67.83,59.99,53.79,79.79,2352.63,0,,,,,,,,,,,,,,
104,104001,2004,57.16,50.93,61.35,70.55,2159.92,0,,,,,,,,,,,,,,
104,104001,2005,34.26,50.85,74.97,80.07,2161.37,0,,,,,,,,,,,,,,
104,104001,2006,62.10,60.08,64.94,101.09,2593.90,0,,,,,,,,,,,,,,
104,104001,2007,57.86,68.83,59.94,86.05,2454.10,0,,,,,,,,,,,,,,
104,104001,2008,68.80,64.52,67.43,83.24,2555.96,0,,,,,,,,,,,,,,
104,104001,2009,58.78,40.19,67.40,90.67,2313.27,0,,,,,,,,,,,,,,
104,104001,2010,52.15,85.33,63.69,66.82,2411.96,0,,,,,,,,,,,,,,
104,104002,2000,61.22,46.77,73.08,88.42,2425.44,0,,,,,,,,,,,,,,
104,104002,2001,65.43,73.81,63.90,76.77,2519.13,1,,,,,,,,,,,,,,
104,104002,2002,37.50,64.56,89.41,70.08,2353.94,1,,,,,,,,,,,,,,
104,104002,2003,67.83,59.99,53.79,79.79,2352.63,0,,,,,,,,,,,,,,
104,104002,2004,57.16,50.93,61.35,70.55,2159.92,1,,,,,,,,,,,,,,
104,104002,2005,34.26,50.85,74.97,80.07,2161.37,0,,,,,,,,,,,,,,
104,104002,2006,62.10,60.08,64.94,101.09,2593.90,1,,,,,,,,,,,,,,
104,104002,2007,57.86,68.83,59.94,86.05,2454.10,1,,,,,,,,,,,,,,
104,104002,2008,68.80,64.52,67.43,83.24,2555.96,1,,,,,,,,,,,,,,
104,104002,2009,58.78,40.19,67.40,90.67,2313.27,1,,,,,,,,,,,,,,
104,104002,2010,52.15,85.33,63.69,66.82,2411.96,1,,,,,,,,,,,,,,
104,104003,2000,61.22,46.77,73.08,88.42,2425.44,0,,,,,,,,,,,,,,
104,104003,2001,65.43,73.81,63.90,76.77,2519.13,1,,,,,,,,,,,,,,
104,104003,2002,37.50,64.56,89.41,70.08,2353.94,1,,,,,,,,,,,,,,
104,104003,2003,67.83,59.99,53.79,79.79,2352.63,0,,,,,,,,,,,,,,
104,104003,2004,57.16,50.93,61.35,70.55,2159.92,1,,,,,,,,,,,,,,
104,104003,2005,34.26,50.85,74.97,80.07,2161.37,1,,,,,,,,,,,,,,
104,104003,2006,62.10,60.08,64.94,101.09,2593.90,1,,,,,,,,,,,,,,
104,104003,2007,57.86,68.83,59.94,86.05,2454.10,1,,,,,,,,,,,,,,
104,104003,2008,68.80,64.52,67.43,83.24,2555.96,1,,,,,,,,,,,,,,
104,104003,2009,58.78,40.19,67.40,90.67,2313.27,1,,,,,,,,,,,,,,
104,104003,2010,52.15,85.33,63.69,66.82,2411.96,0,,,,,,,,,,,,,,
101,101001,2000,72.66,55.54,54.72,89.30,2449.99,0,,,,,,,,,,,,,,
101,101001,2001,78.60,62.81,58.80,103.09,2729.77,0,,,,,,,,,,,,,,
101,101001,2002,36.89,56.36,69.31,63.63,2035.66,0,,,,,,,,,,,,,,
101,101001,2003,65.04,45.84,58.80,81.24,2258.29,0,,,,,,,,,,,,,,
101,101001,2004,77.68,50.67,59.83,61.69,2248.81,0,,,,,,,,,,,,,,
101,101001,2005,32.64,56.91,59.20,90.06,2149.21,0,,,,,,,,,,,,,,
101,101001,2006,63.14,72.43,55.94,109.75,2711.28,1,,,,,,,,,,,,,,
101,101001,2007,78.33,62.16,61.06,101.62,2728.60,1,,,,,,,,,,,,,,
101,101001,2008,66.83,54.49,73.77,79.77,2473.75,0,,,,,,,,,,,,,,
101,101001,2009,48.89,45.76,64.25,83.76,2183.92,0,,,,,,,,,,,,,,
101,101001,2010,39.82,73.92,69.02,69.19,2267.67,0,,,,,,,,,,,,,,
101,101002,2000,61.22,46.77,73.08,88.42,2425.44,0,,,,,,,,,,,,,,
101,101002,2001,65.43,73.81,63.90,76.77,2519.13,1,,,,,,,,,,,,,,
101,101002,2002,37.50,64.56,89.41,70.08,2353.94,0,,,,,,,,,,,,,,
101,101002,2003,67.83,59.99,53.79,79.79,2352.63,0,,,,,,,,,,,,,,
101,101002,2004,57.16,50.93,61.35,70.55,2159.92,0,,,,,,,,,,,,,,
101,101002,2005,34.26,50.85,74.97,80.07,2161.37,0,,,,,,,,,,,,,,
101,101002,2006,62.10,60.08,64.94,101.09,2593.90,1,,,,,,,,,,,,,,
101,101002,2007,57.86,68.83,59.94,86.05,2454.10,1,,,,,,,,,,,,,,
101,101002,2008,68.80,64.52,67.43,83.24,2555.96,0,,,,,,,,,,,,,,
101,101002,2009,58.78,40.19,67.40,90.67,2313.27,0,,,,,,,,,,,,,,
101,101002,2010,52.15,85.33,63.69,66.82,2411.96,1,,,,,,,,,,,,,,
101,101005,2000,63.10,50.76,62.19,85.98,2358.22,0,,,,,,,,,,,,,,
101,101005,2001,69.02,67.35,60.64,90.86,2590.86,0,,,,,,,,,,,,,,
101,101005,2002,38.55,62.43,81.11,64.36,2218.08,1,,,,,,,,,,,,,,
101,101005,2003,69.00,55.02,56.38,80.48,2347.87,1,,,,,,,,,,,,,,
101,101005,2004,66.39,52.69,58.11,66.16,2190.14,1,,,,,,,,,,,,,,
101,101005,2005,31.63,53.56,72.25,85.95,2190.48,1,,,,,,,,,,,,,,
101,101005,2006,56.90,66.55,58.45,100.30,2539.87,1,,,,,,,,,,,,,,
101,101005,2007,64.31,63.16,62.45,93.27,2548.75,1,,,,,,,,,,,,,,
101,101005,2008,61.90,59.85,72.33,75.83,2429.12,0,,,,,,,,,,,,,,
101,101005,2009,49.90,41.97,67.13,86.22,2206.97,1,,,,,,,,,,,,,,
101,101005,2010,47.32,78.63,67.24,66.34,2335.70,1,,,,,,,,,,,,,,
101,101006,2000,63.10,50.76,62.19,85.98,2358.22,0,,,,,,,,,,,,,,
101,101006,2001,69.02,67.35,60.64,90.86,2590.86,0,,,,,,,,,,,,,,
101,101006,2002,38.55,62.43,81.11,64.36,2218.08,0,,,,,,,,,,,,,,
101,101006,2003,69.00,55.02,56.38,80.48,2347.87,0,,,,,,,,,,,,,,
101,101006,2004,66.39,52.69,58.11,66.16,2190.14,0,,,,,,,,,,,,,,
101,101006,2005,31.63,53.56,72.25,85.95,2190.48,0,,,,,,,,,,,,,,
101,101006,2006,56.90,66.55,58.45,100.30,2539.87,1,,,,,,,,,,,,,,
101,101006,2007,64.31,63.16,62.45,93.27,2548.75,1,,,,,,,,,,,,,,
101,101006,2008,61.90,59.85,72.33,75.83,2429.12,0,,,,,,,,,,,,,,
101,101006,2009,49.90,41.97,67.13,86.22,2206.97,0,,,,,,,,,,,,,,
101,101006,2010,47.32,78.63,67.24,66.34,2335.70,0,,,,,,,,,,,,,,
101,101003,2000,79.27,61.54,53.72,98.20,2634.66,0,,,,,,,,,,,,,,
101,101003,2001,86.73,65.21,59.24,118.19,2964.32,1,,,,,,,,,,,,,,
101,101003,2002,39.52,56.58,67.09,78.50,2175.16,0,,,,,,,,,,,,,,
101,101003,2003,79.99,47.38,68.26,103.85,2695.17,0,,,,,,,,,,,,,,
101,101003,2004,87.69,56.41,67.11,77.71,2600.32,0,,,,,,,,,,,,,,
101,101003,2005,38.65,68.32,56.91,107.25,2440.11,0,,,,,,,,,,,,,,
101,101003,2006,69.91,81.21,58.18,121.19,2974.44,1,,,,,,,,,,,,,,
101,101003,2007,91.06,68.80,65.06,114.58,3055.48,1,,,,,,,,,,,,,,
101,101003,2008,73.84,54.42,79.69,93.89,2716.60,0,,,,,,,,,,,,,,
101,101003,2009,52.62,53.02,65.78,91.20,2363.51,0,,,,,,,,,,,,,,
101,101003,2010,39.59,76.54,78.69,81.25,2484.65,0,,,,,,,,,,,,,,
101,101004,2000,78.79,58.23,54.05,93.55,2561.60,0,,,,,,,,,,,,,,
101,101004,2001,87.19,60.39,58.17,115.15,2888.01,1,,,,,,,,,,,,,,
101,101004,2002,34.67,55.19,68.41,68.72,2042.92,0,,,,,,,,,,,,,,
101,101004,2003,68.76,43.07,62.43,88.22,2362.42,1,,,,,,,,,,,,,,
101,101004,2004,75.52,51.39,62.52,77.64,2403.63,0,,,,,,,,,,,,,,
101,101004,2005,33.29,58.08,55.00,99.66,2214.32,0,,,,,,,,,,,,,,
101,101004,2006,68.87,72.47,57.87,116.04,2837.29,1,,,,,,,,,,,,,,
101,101004,2007,78.17,66.02,60.61,115.51,2882.83,1,,,,,,,,,,,,,,
101,101004,2008,75.47,51.10,76.86,88.39,2626.28,0,,,,,,,,,,,,,,
101,101004,2009,55.01,51.05,61.88,100.53,2416.25,0,,,,,,,,,,,,,,
101,101004,2010,35.35,70.28,68.45,76.22,2252.67,0,,,,,,,,,,,,,,
106,106001,2000,74.01,53.05,64.23,95.17,2578.15,0,,,,,,,,,,,,,,
106,106001,2001,81.29,62.67,59.30,112.78,2844.38,0,,,,,,,,,,,,,,
106,106001,2002,30.59,58.26,81.25,76.40,2218.45,0,,,,,,,,,,,,,,
106,106001,2003,72.05,48.30,61.98,95.89,2503.95,1,,,,,,,,,,,,,,
106,106001,2004,52.45,51.79,62.84,103.30,2433.47,1,,,,,,,,,,,,,,
106,106001,2005,30.40,55.43,61.02,102.65,2245.42,0,,,,,,,,,,,,,,
106,106001,2006,66.57,61.47,63.28,109.12,2703.94,0,,,,,,,,,,,,,,
106,106001,2007,60.53,69.73,60.75,125.35,2847.26,1,,,,,,,,,,,,,,
106,106001,2008,80.78,51.30,78.51,97.84,2775.93,0,,,,,,,,,,,,,,
106,106001,2009,63.23,54.09,61.51,124.30,2728.10,0,,,,,,,,,,,,,,
106,106001,2010,33.15,68.60,63.70,82.70,2233.36,0,,,,,,,,,,,,,,
106,106002,2000,74.69,56.56,62.75,99.21,2638.91,0,,,,,,,,,,,,,,
106,106002,2001,85.15,60.08,54.01,125.56,2923.19,1,,,,,,,,,,,,,,
106,106002,2002,28.03,60.46,80.29,92.04,2347.43,1,,,,,,,,,,,,,,
106,106002,2003,81.59,48.26,66.70,115.72,2810.43,1,,,,,,,,,,,,,,
106,106002,2004,43.97,53.60,63.46,139.50,2704.73,1,,,,,,,,,,,,,,
106,106002,2005,29.48,57.85,61.10,117.49,2393.24,1,,,,,,,,,,,,,,
106,106002,2006,72.17,57.12,66.26,110.20,2751.70,0,,,,,,,,,,,,,,
106,106002,2007,55.90,74.22,60.79,142.87,3003.90,1,,,,,,,,,,,,,,
106,106002,2008,91.11,47.05,81.81,111.49,2983.16,1,,,,,,,,,,,,,,
106,106002,2009,73.99,61.03,58.06,150.01,3087.87,1,,,,,,,,,,,,,,
106,106002,2010,30.22,64.14,63.54,91.90,2248.18,1,,,,,,,,,,,,,,
106,106003,2000,76.51,60.46,60.30,102.12,2694.55,0,,,,,,,,,,,,,,
106,106003,2001,89.92,56.84,49.17,137.10,2997.26,1,,,,,,,,,,,,,,
106,106003,2002,26.63,61.64,77.33,104.09,2427.10,1,,,,,,,,,,,,,,
106,106003,2003,89.94,47.10,71.76,130.56,3054.19,1,,,,,,,,,,,,,,
106,106003,2004,40.87,55.42,64.61,167.89,2959.12,1,,,,,,,,,,,,,,
106,106003,2005,28.81,60.57,61.22,132.78,2550.34,0,,,,,,,,,,,,,,
106,106003,2006,77.26,55.39,68.33,112.84,2824.38,0,,,,,,,,,,,,,,
106,106003,2007,54.72,75.49,61.73,153.58,3109.74,0,,,,,,,,,,,,,,
106,106003,2008,96.33,43.39,83.45,122.07,3107.17,0,,,,,,,,,,,,,,
106,106003,2009,83.12,65.01,55.56,164.14,3310.50,1,,,,,,,,,,,,,,
106,106003,2010,28.11,59.77,63.73,100.53,2269.28,1,,,,,,,,,,,,,,
111,111001,2000,77.21,62.16,60.28,109.58,2783.03,0,,,,,,,,,,,,,,
111,111001,2001,90.63,53.64,47.72,143.33,3017.90,1,,,,,,,,,,,,,,
111,111001,2002,25.86,61.00,74.47,111.42,2454.79,0,,,,,,,,,,,,,,
111,111001,2003,92.53,45.79,74.56,139.69,3173.14,1,,,,,,,,,,,,,,
111,111001,2004,38.12,55.19,65.55,182.28,3070.15,0,,,,,,,,,,,,,,
111,111001,2005,28.00,61.40,61.48,144.80,2661.17,0,,,,,,,,,,,,,,
111,111001,2006,76.86,55.41,69.64,114.32,2846.03,0,,,,,,,,,,,,,,
111,111001,2007,53.20,71.92,64.38,151.92,3072.78,0,,,,,,,,,,,,,,
111,111001,2008,92.89,42.85,80.58,137.72,3186.42,0,,,,,,,,,,,,,,
111,111001,2009,90.53,64.72,54.97,167.43,3398.89,1,,,,,,,,,,,,,,
111,111001,2010,27.33,56.59,63.70,113.06,2346.17,1,,,,,,,,,,,,,,
111,111002,2000,76.64,60.61,62.15,131.74,2980.33,0,,,,,,,,,,,,,,
111,111002,2001,85.94,49.21,50.91,143.44,2965.46,0,,,,,,,,,,,,,,
111,111002,2002,25.65,57.75,69.35,117.76,2434.64,0,,,,,,,,,,,,,,
111,111002,2003,86.19,43.87,73.51,147.37,3158.46,1,,,,,,,,,,,,,,
111,111002,2004,33.22,50.46,65.45,182.24,2982.31,0,,,,,,,,,,,,,,
111,111002,2005,27.36,60.19,60.58,154.95,2727.71,0,,,,,,,,,,,,,,
111,111002,2006,70.11,57.05,71.56,113.88,2813.46,0,,,,,,,,,,,,,,
111,111002,2007,49.29,62.42,69.53,139.03,2882.41,0,,,,,,,,,,,,,,
111,111002,2008,80.12,45.86,72.77,167.20,3293.50,0,,,,,,,,,,,,,,
111,111002,2009,94.08,60.39,56.14,166.96,3398.21,0,,,,,,,,,,,,,,
111,111002,2010,27.68,53.81,64.90,133.54,2519.36,0,,,,,,,,,,,,,,
111,111003,2000,74.56,56.05,63.60,162.05,3206.37,0,,,,,,,,,,,,,,
111,111003,2001,77.48,43.57,57.37,137.60,2844.19,1,,,,,,,,,,,,,,
111,111003,2002,24.98,52.71,61.00,122.80,2353.34,0,,,,,,,,,,,,,,
111,111003,2003,71.31,40.47,69.25,152.23,2999.41,1,,,,,,,,,,,,,,
111,111003,2004,26.55,41.52,64.11,168.83,2709.08,0,,,,,,,,,,,,,,
111,111003,2005,26.50,57.84,57.55,160.84,2724.51,0,,,,,,,,,,,,,,
111,111003,2006,60.53,60.09,74.10,108.65,2730.40,0,,,,,,,,,,,,,,
111,111003,2007,42.95,52.01,75.14,122.02,2629.15,0,,,,,,,,,,,,,,
111,111003,2008,64.35,49.79,66.36,196.93,3396.94,0,,,,,,,,,,,,,,
111,111003,2009,90.57,55.54,57.53,165.05,3318.22,1,,,,,,,,,,,,,,
111,111003,2010,26.80,51.60,68.13,149.93,2668.14,0,,,,,,,,,,,,,,
111,111004,2000,74.56,56.05,63.60,162.05,3206.37,0,,,,,,,,,,,,,,
111,111004,2001,77.48,43.57,57.37,137.60,2844.19,0,,,,,,,,,,,,,,
111,111004,2002,24.98,52.71,61.00,122.80,2353.34,0,,,,,,,,,,,,,,
111,111004,2003,71.31,40.47,69.25,152.23,2999.41,1,,,,,,,,,,,,,,
111,111004,2004,26.55,41.52,64.11,168.83,2709.08,0,,,,,,,,,,,,,,
111,111004,2005,26.50,57.84,57.55,160.84,2724.51,0,,,,,,,,,,,,,,
111,111004,2006,60.53,60.09,74.10,108.65,2730.40,0,,,,,,,,,,,,,,
111,111004,2007,42.95,52.01,75.14,122.02,2629.15,0,,,,,,,,,,,,,,
111,111004,2008,64.35,49.79,66.36,196.93,3396.94,0,,,,,,,,,,,,,,
111,111004,2009,90.57,55.54,57.53,165.05,3318.22,0,,,,,,,,,,,,,,
111,111004,2010,26.80,51.60,68.13,149.93,2668.14,0,,,,,,,,,,,,,,
111,111005,2000,72.45,55.32,59.14,164.70,3164.46,0,,,,,,,,,,,,,,
111,111005,2001,70.99,41.35,53.91,125.39,2624.66,1,,,,,,,,,,,,,,
111,111005,2002,25.57,50.00,54.08,123.42,2277.59,0,,,,,,,,,,,,,,
111,111005,2003,63.72,39.90,61.81,145.91,2802.13,1,,,,,,,,,,,,,,
111,111005,2004,27.48,37.89,61.34,152.40,2512.03,0,,,,,,,,,,,,,,
111,111005,2005,26.41,53.26,52.66,160.01,2631.00,0,,,,,,,,,,,,,,
111,111005,2006,56.61,58.82,67.11,104.01,2578.92,0,,,,,,,,,,,,,,
111,111005,2007,42.21,46.38,73.92,115.92,2505.91,0,,,,,,,,,,,,,,
111,111005,2008,58.86,49.42,60.16,202.42,3337.68,1,,,,,,,,,,,,,,
111,111005,2009,88.01,52.37,56.60,159.01,3203.94,1,,,,,,,,,,,,,,
111,111005,2010,26.43,49.00,63.41,159.04,2680.95,1,,,,,,,,,,,,,,
111,111006,2000,72.45,55.32,59.14,164.70,3164.46,0,,,,,,,,,,,,,,
111,111006,2001,70.99,41.35,53.91,125.39,2624.66,1,,,,,,,,,,,,,,
111,111006,2002,25.57,50.00,54.08,123.42,2277.59,0,,,,,,,,,,,,,,
111,111006,2003,63.72,39.90,61.81,145.91,2802.13,1,,,,,,,,,,,,,,
111,111006,2004,27.48,37.89,61.34,152.40,2512.03,0,,,,,,,,,,,,,,
111,111006,2005,26.41,53.26,52.66,160.01,2631.00,0,,,,,,,,,,,,,,
111,111006,2006,56.61,58.82,67.11,104.01,2578.92,0,,,,,,,,,,,,,,
111,111006,2007,42.21,46.38,73.92,115.92,2505.91,0,,,,,,,,,,,,,,
111,111006,2008,58.86,49.42,60.16,202.42,3337.68,1,,,,,,,,,,,,,,
111,111006,2009,88.01,52.37,56.60,159.01,3203.94,1,,,,,,,,,,,,,,
111,111006,2010,26.43,49.00,63.41,159.04,2680.95,1,,,,,,,,,,,,,,
111,111007,2000,69.21,50.71,57.85,179.96,3219.59,0,,,,,,,,,,,,,,
111,111007,2001,63.40,36.08,57.27,118.51,2477.36,1,,,,,,,,,,,,,,
111,111007,2002,21.26,45.24,45.66,123.84,2124.03,1,,,,,,,,,,,,,,
111,111007,2003,48.93,34.90,56.41,142.42,2543.96,1,,,,,,,,,,,,,,
111,111007,2004,19.07,30.65,58.51,135.55,2194.08,0,,,,,,,,,,,,,,
111,111007,2005,23.54,48.91,46.52,159.22,2503.64,0,,,,,,,,,,,,,,
111,111007,2006,47.72,59.75,65.14,94.13,2400.75,0,,,,,,,,,,,,,,
111,111007,2007,36.30,42.05,73.97,103.76,2304.80,0,,,,,,,,,,,,,,
111,111007,2008,48.46,49.38,57.17,210.43,3288.89,1,,,,,,,,,,,,,,
111,111007,2009,80.12,49.26,54.33,150.16,3004.84,1,,,,,,,,,,,,,,
111,111007,2010,22.34,46.87,63.93,160.92,2646.49,1,,,,,,,,,,,,,,
103,103001,2000,63.93,51.86,55.51,175.11,3117.57,0,,,,,,,,,,,,,,
103,103001,2001,57.80,36.14,56.05,108.84,2329.45,0,,,,,,,,,,,,,,
103,103001,2002,19.29,43.76,43.15,120.24,2037.96,1,,,,,,,,,,,,,,
103,103001,2003,40.98,34.19,55.67,138.88,2427.49,0,,,,,,,,,,,,,,
103,103001,2004,20.23,31.52,59.26,114.95,2033.64,1,,,,,,,,,,,,,,
103,103001,2005,22.29,48.25,43.93,153.59,2412.64,0,,,,,,,,,,,,,,
103,103001,2006,43.41,57.33,56.95,85.46,2188.40,1,,,,,,,,,,,,,,
103,103001,2007,34.74,39.67,70.51,95.27,2161.69,0,,,,,,,,,,,,,,
103,103001,2008,40.15,48.45,51.71,197.73,3042.35,0,,,,,,,,,,,,,,
103,103001,2009,71.24,46.92,54.46,135.07,2769.19,1,,,,,,,,,,,,,,
103,103001,2010,20.99,42.57,57.26,162.38,2548.88,0,,,,,,,,,,,,,,
103,103002,2000,57.33,50.21,54.87,170.25,2993.91,0,,,,,,,,,,,,,,
103,103002,2001,55.58,33.29,56.25,104.98,2250.82,0,,,,,,,,,,,,,,
103,103002,2002,13.92,42.09,37.56,115.75,1883.98,0,,,,,,,,,,,,,,
103,103002,2003,33.88,31.38,52.69,131.73,2247.18,0,,,,,,,,,,,,,,
103,103002,2004,14.20,30.28,56.13,101.95,1823.11,0,,,,,,,,,,,,,,
103,103002,2005,18.49,45.44,39.81,148.55,2270.70,0,,,,,,,,,,,,,,
103,103002,2006,40.04,56.81,54.84,74.32,2034.05,0,,,,,,,,,,,,,,
103,103002,2007,31.61,42.52,66.47,87.14,2049.62,0,,,,,,,,,,,,,,
103,103002,2008,36.34,48.07,52.30,186.44,2908.31,0,,,,,,,,,,,,,,
103,103002,2009,63.80,46.17,50.53,120.87,2532.29,1,,,,,,,,,,,,,,
103,103002,2010,16.79,41.60,55.58,155.16,2422.09,0,,,,,,,,,,,,,,
103,103003,2000,63.93,51.86,55.51,175.11,3117.57,0,,,,,,,,,,,,,,
103,103003,2001,57.80,36.14,56.05,108.84,2329.45,1,,,,,,,,,,,,,,
103,103003,2002,19.29,43.76,43.15,120.24,2037.96,1,,,,,,,,,,,,,,
103,103003,2003,40.98,34.19,55.67,138.88,2427.49,1,,,,,,,,,,,,,,
103,103003,2004,20.23,31.52,59.26,114.95,2033.64,1,,,,,,,,,,,,,,
103,103003,2005,22.29,48.25,43.93,153.59,2412.64,1,,,,,,,,,,,,,,
103,103003,2006,43.41,57.33,56.95,85.46,2188.40,1,,,,,,,,,,,,,,
103,103003,2007,34.74,39.67,70.51,95.27,2161.69,1,,,,,,,,,,,,,,
103,103003,2008,40.15,48.45,51.71,197.73,3042.35,1,,,,,,,,,,,,,,
103,103003,2009,71.24,46.92,54.46,135.07,2769.19,1,,,,,,,,,,,,,,
103,103003,2010,20.99,42.57,57.26,162.38,2548.88,0,,,,,,,,,,,,,,
103,103004,2000,50.19,50.89,53.95,172.93,2951.69,0,,,,,,,,,,,,,,
103,103004,2001,54.36,32.01,54.90,105.47,2220.68,1,,,,,,,,,,,,,,
103,103004,2002,11.23,41.39,38.12,116.61,1866.17,1,,,,,,,,,,,,,,
103,103004,2003,27.64,30.54,55.04,133.91,2224.07,1,,,,,,,,,,,,,,
103,103004,2004,14.46,32.67,60.06,88.89,1764.67,0,,,,,,,,,,,,,,
103,103004,2005,16.97,48.10,40.58,147.52,2278.52,1,,,,,,,,,,,,,,
103,103004,2006,36.80,52.23,48.29,68.96,1856.57,1,,,,,,,,,,,,,,
103,103004,2007,30.73,40.90,62.89,82.15,1950.04,1,,,,,,,,,,,,,,
103,103004,2008,27.77,46.46,46.57,179.13,2699.38,1,,,,,,,,,,,,,,
103,103004,2009,54.17,43.07,50.20,110.96,2325.70,0,,,,,,,,,,,,,,
103,103004,2010,15.85,35.35,49.71,158.75,2336.96,0,,,,,,,,,,,,,,
112,112001,2000,58.58,87.24,46.06,64.38,2306.36,0,,,,,,,,,,,,,,
112,112001,2001,51.60,65.82,59.15,90.03,2399.49,0,,,,,,,,,,,,,,
112,112001,2002,26.24,56.01,62.57,68.45,1919.33,0,,,,,,,,,,,,,,
112,112001,2003,34.81,50.35,77.97,93.09,2305.91,0,,,,,,,,,,,,,,
112,112001,2004,35.13,58.04,74.14,72.57,2158.95,0,,,,,,,,,,,,,,
112,112001,2005,33.63,82.24,65.42,93.86,2476.34,0,,,,,,,,,,,,,,
112,112001,2006,61.05,101.09,69.59,81.73,2821.13,0,,,,,,,,,,,,,,
112,112001,2007,63.51,99.38,83.39,82.80,2961.73,0,,,,,,,,,,,,,,
112,112001,2008,80.03,90.55,76.63,104.30,3163.61,0,,,,,,,,,,,,,,
112,112001,2009,114.72,47.39,67.79,67.68,2678.27,0,,,,,,,,,,,,,,
112,112001,2010,56.81,88.24,114.52,96.32,3202.97,1,,,,,,,,,,,,,,
112,112002,2000,63.17,73.96,48.88,87.83,2464.45,0,,,,,,,,,,,,,,
112,112002,2001,69.60,47.56,59.08,82.69,2330.36,0,,,,,,,,,,,,,,
112,112002,2002,23.60,50.58,64.96,56.60,1761.64,0,,,,,,,,,,,,,,
112,112002,2003,41.03,62.87,65.41,82.97,2270.44,0,,,,,,,,,,,,,,
112,112002,2004,36.61,58.70,56.61,75.22,2044.39,1,,,,,,,,,,,,,,
112,112002,2005,31.86,51.78,75.43,117.38,2488.02,0,,,,,,,,,,,,,,
112,112002,2006,95.45,105.99,90.26,71.23,3266.38,0,,,,,,,,,,,,,,
112,112002,2007,73.44,58.46,91.87,90.35,2827.15,1,,,,,,,,,,,,,,
112,112002,2008,94.53,77.24,73.22,88.89,3004.90,0,,,,,,,,,,,,,,
112,112002,2009,119.61,60.52,59.89,65.81,2752.50,1,,,,,,,,,,,,,,
112,112002,2010,42.22,67.17,81.80,83.32,2470.64,1,,,,,,,,,,,,,,
112,112003,2000,83.35,56.78,56.86,104.85,2716.56,0,,,,,,,,,,,,,,
112,112003,2001,116.36,35.63,56.44,94.42,2725.64,0,,,,,,,,,,,,,,
112,112003,2002,30.05,44.58,65.65,65.24,1849.72,0,,,,,,,,,,,,,,
112,112003,2003,54.40,61.22,63.45,88.24,2405.83,1,,,,,,,,,,,,,,
112,112003,2004,33.30,54.87,58.70,87.04,2105.10,0,,,,,,,,,,,,,,
112,112003,2005,30.67,34.65,69.45,125.27,2340.43,0,,,,,,,,,,,,,,
112,112003,2006,141.89,83.04,134.91,95.42,4097.37,1,,,,,,,,,,,,,,
112,112003,2007,99.85,45.92,75.42,95.41,2849.39,0,,,,,,,,,,,,,,
112,112003,2008,123.32,62.15,71.00,88.50,3104.73,0,,,,,,,,,,,,,,
112,112003,2009,142.03,60.65,59.27,77.95,3059.05,0,,,,,,,,,,,,,,
112,112003,2010,43.22,50.59,60.46,84.75,2151.10,1,,,,,,,,,,,,,,
112,112004,2000,82.86,59.47,57.91,106.90,2764.30,0,,,,,,,,,,,,,,
112,112004,2001,115.39,37.49,58.56,97.15,2777.29,0,,,,,,,,,,,,,,
112,112004,2002,29.86,45.82,68.19,66.69,1894.99,0,,,,,,,,,,,,,,
112,112004,2003,53.82,62.49,65.85,90.55,2454.45,1,,,,,,,,,,,,,,
112,112004,2004,33.96,56.14,60.30,88.63,2151.24,1,,,,,,,,,,,,,,
112,112004,2005,31.04,37.92,73.05,130.34,2451.19,1,,,,,,,,,,,,,,
112,112004,2006,142.21,86.99,135.95,96.87,4158.20,1,,,,,,,,,,,,,,
112,112004,2007,103.75,48.20,80.31,101.06,2999.86,0,,,,,,,,,,,,,,
112,112004,2008,128.36,65.18,74.73,94.95,3268.98,0,,,,,,,,,,,,,,
112,112004,2009,151.07,61.91,63.06,82.65,3228.29,1,,,,,,,,,,,,,,
112,112004,2010,45.73,55.26,66.60,91.62,2332.88,1,,,,,,,,,,,,,,
112,112005,2000,83.97,56.88,70.65,124.42,3023.24,0,,,,,,,,,,,,,,
112,112005,2001,132.63,44.26,63.04,120.07,3239.90,1,,,,,,,,,,,,,,
112,112005,2002,26.22,46.40,75.77,81.84,2072.05,0,,,,,,,,,,,,,,
112,112005,2003,51.27,50.87,84.44,106.78,2640.29,0,,,,,,,,,,,,,,
112,112005,2004,24.99,57.90,67.03,96.25,2215.51,0,,,,,,,,,,,,,,
112,112005,2005,26.68,52.61,89.48,147.76,2848.78,0,,,,,,,,,,,,,,
112,112005,2006,141.18,83.46,159.82,113.56,4482.22,1,,,,,,,,,,,,,,
112,112005,2007,106.04,46.90,80.16,105.66,3048.84,0,,,,,,,,,,,,,,
112,112005,2008,132.39,66.01,77.47,100.64,3388.66,0,,,,,,,,,,,,,,
112,112005,2009,165.11,56.32,69.63,86.44,3397.47,0,,,,,,,,,,,,,,
112,112005,2010,43.72,63.30,69.58,102.21,2509.29,0,,,,,,,,,,,,,,
112,112006,2000,76.44,56.04,67.34,117.29,2853.90,0,,,,,,,,,,,,,,
112,112006,2001,117.40,44.25,60.39,113.82,3022.76,0,,,,,,,,,,,,,,
112,112006,2002,22.51,45.98,72.09,77.16,1959.73,0,,,,,,,,,,,,,,
112,112006,2003,45.43,48.31,81.46,100.57,2481.91,1,,,,,,,,,,,,,,
112,112006,2004,23.14,56.83,63.54,89.28,2095.13,0,,,,,,,,,,,,,,
112,112006,2005,23.77,52.38,86.58,141.72,2740.02,0,,,,,,,,,,,,,,
112,112006,2006,124.94,82.93,142.65,103.24,4083.81,0,,,,,,,,,,,,,,
112,112006,2007,94.25,43.57,75.39,97.98,2800.80,1,,,,,,,,,,,,,,
112,112006,2008,120.94,62.35,70.41,94.37,3132.62,0,,,,,,,,,,,,,,
112,112006,2009,151.92,53.60,64.51,77.92,3131.53,1,,,,,,,,,,,,,,
112,112006,2010,39.68,61.01,64.79,96.83,2360.75,0,,,,,,,,,,,,,,
112,112007,2000,71.69,67.27,71.10,134.31,3099.31,0,,,,,,,,,,,,,,
112,112007,2001,110.27,57.16,68.53,129.10,3285.54,0,,,,,,,,,,,,,,
112,112007,2002,19.51,47.57,80.53,81.06,2057.94,1,,,,,,,,,,,,,,
112,112007,2003,37.77,43.90,92.79,111.43,2573.02,1,,,,,,,,,,,,,,
112,112007,2004,21.90,60.63,63.54,90.88,2132.54,1,,,,,,,,,,,,,,
112,112007,2005,22.76,67.56,112.59,164.28,3304.69,0,,,,,,,,,,,,,,
112,112007,2006,108.56,102.05,133.48,97.88,3977.79,1,,,,,,,,,,,,,,
112,112007,2007,82.99,45.88,81.01,102.64,2812.68,1,,,,,,,,,,,,,,
112,112007,2008,109.00,71.81,73.84,100.73,3198.37,1,,,,,,,,,,,,,,
112,112007,2009,146.86,47.27,69.36,77.04,3064.73,1,,,,,,,,,,,,,,
112,112007,2010,39.33,73.14,77.01,108.17,2678.89,0,,,,,,,,,,,,,,
112,112008,2000,60.41,80.70,70.84,134.88,3121.54,0,,,,,,,,,,,,,,
112,112008,2001,86.64,67.76,72.56,130.97,3221.24,0,,,,,,,,,,,,,,
112,112008,2002,13.59,51.44,82.72,81.61,2064.33,0,,,,,,,,,,,,,,
112,112008,2003,25.63,43.20,95.37,113.06,2495.32,0,,,,,,,,,,,,,,
112,112008,2004,20.48,61.97,61.62,81.21,2027.50,0,,,,,,,,,,,,,,
112,112008,2005,21.32,78.74,125.27,169.25,3551.23,0,,,,,,,,,,,,,,
112,112008,2006,78.43,116.61,110.82,80.76,3479.55,1,,,,,,,,,,,,,,
112,112008,2007,58.95,52.41,90.90,97.58,2698.59,1,,,,,,,,,,,,,,
112,112008,2008,78.76,81.60,80.25,100.80,3072.75,1,,,,,,,,,,,,,,
112,112008,2009,112.51,41.64,75.15,70.41,2697.37,1,,,,,,,,,,,,,,
112,112008,2010,31.32,89.90,95.57,104.42,2891.00,1,,,,,,,,,,,,,,
112,112009,2000,60.41,80.70,70.84,134.88,3121.54,0,,,,,,,,,,,,,,
112,112009,2001,86.64,67.76,72.56,130.97,3221.24,0,,,,,,,,,,,,,,
112,112009,2002,13.59,51.44,82.72,81.61,2064.33,0,,,,,,,,,,,,,,
112,112009,2003,25.63,43.20,95.37,113.06,2495.32,0,,,,,,,,,,,,,,
112,112009,2004,20.48,61.97,61.62,81.21,2027.50,0,,,,,,,,,,,,,,
112,112009,2005,21.32,78.74,125.27,169.25,3551.23,1,,,,,,,,,,,,,,
112,112009,2006,78.43,116.61,110.82,80.76,3479.55,1,,,,,,,,,,,,,,
112,112009,2007,58.95,52.41,90.90,97.58,2698.59,0,,,,,,,,,,,,,,
112,112009,2008,78.76,81.60,80.25,100.80,3072.75,0,,,,,,,,,,,,,,
112,112009,2009,112.51,41.64,75.15,70.41,2697.37,0,,,,,,,,,,,,,,
112,112009,2010,31.32,89.90,95.57,104.42,2891.00,1,,,,,,,,,,,,,,
112,112010,2000,59.91,90.82,72.82,136.57,3241.13,0,,,,,,,,,,,,,,
112,112010,2001,79.93,74.14,74.94,135.70,3282.32,0,,,,,,,,,,,,,,
112,112010,2002,14.64,57.37,87.20,91.28,2254.38,0,,,,,,,,,,,,,,
112,112010,2003,25.53,49.16,98.64,121.28,2651.47,0,,,,,,,,,,,,,,
112,112010,2004,22.76,64.50,67.28,78.68,2098.96,0,,,,,,,,,,,,,,
112,112010,2005,24.46,85.80,126.45,173.99,3696.20,0,,,,,,,,,,,,,,
112,112010,2006,71.40,120.23,108.52,80.20,3423.12,0,,,,,,,,,,,,,,
112,112010,2007,52.03,57.03,91.33,91.96,2631.07,0,,,,,,,,,,,,,,
112,112010,2008,67.69,81.75,80.06,100.04,2965.95,0,,,,,,,,,,,,,,
112,112010,2009,98.00,40.82,74.70,70.21,2553.58,0,,,,,,,,,,,,,,
112,112010,2010,29.33,92.16,101.80,102.17,2929.18,1,,,,,,,,,,,,,,
112,112011,2000,59.91,90.82,72.82,136.57,3241.13,0,,,,,,,,,,,,,,
112,112011,2001,79.93,74.14,74.94,135.70,3282.32,1,,,,,,,,,,,,,,
112,112011,2002,14.64,57.37,87.20,91.28,2254.38,0,,,,,,,,,,,,,,
112,112011,2003,25.53,49.16,98.64,121.28,2651.47,0,,,,,,,,,,,,,,
112,112011,2004,22.76,64.50,67.28,78.68,2098.96,0,,,,,,,,,,,,,,
112,112011,2005,24.46,85.80,126.45,173.99,3696.20,0,,,,,,,,,,,,,,
112,112011,2006,71.40,120.23,108.52,80.20,3423.12,1,,,,,,,,,,,,,,
112,112011,2007,52.03,57.03,91.33,91.96,2631.07,0,,,,,,,,,,,,,,
112,112011,2008,67.69,81.75,80.06,100.04,2965.95,0,,,,,,,,,,,,,,
112,112011,2009,98.00,40.82,74.70,70.21,2553.58,0,,,,,,,,,,,,,,
112,112011,2010,29.33,92.16,101.80,102.17,2929.18,1,,,,,,,,,,,,,,
112,112012,2000,59.91,90.82,72.82,136.57,3241.13,0,,,,,,,,,,,,,,
112,112012,2001,79.93,74.14,74.94,135.70,3282.32,1,,,,,,,,,,,,,,
112,112012,2002,14.64,57.37,87.20,91.28,2254.38,1,,,,,,,,,,,,,,
112,112012,2003,25.53,49.16,98.64,121.28,2651.47,0,,,,,,,,,,,,,,
112,112012,2004,22.76,64.50,67.28,78.68,2098.96,1,,,,,,,,,,,,,,
112,112012,2005,24.46,85.80,126.45,173.99,3696.20,0,,,,,,,,,,,,,,
112,112012,2006,71.40,120.23,108.52,80.20,3423.12,1,,,,,,,,,,,,,,
112,112012,2007,52.03,57.03,91.33,91.96,2631.07,0,,,,,,,,,,,,,,
112,112012,2008,67.69,81.75,80.06,100.04,2965.95,0,,,,,,,,,,,,,,
112,112012,2009,98.00,40.82,74.70,70.21,2553.58,0,,,,,,,,,,,,,,
112,112012,2010,29.33,92.16,101.80,102.17,2929.18,0,,,,,,,,,,,,,,
112,112013,2000,62.52,92.60,64.69,111.27,2979.71,0,,,,,,,,,,,,,,
112,112013,2001,73.61,77.82,65.83,118.09,3018.09,1,,,,,,,,,,,,,,
112,112013,2002,19.24,60.97,75.12,91.31,2219.71,1,,,,,,,,,,,,,,
112,112013,2003,27.65,57.32,80.21,115.99,2530.56,1,,,,,,,,,,,,,,
112,112013,2004,26.91,61.93,68.75,69.24,2041.51,0,,,,,,,,,,,,,,
112,112013,2005,29.26,81.94,95.89,135.55,3083.71,0,,,,,,,,,,,,,,
112,112013,2006,64.59,104.12,92.99,80.28,3077.75,1,,,,,,,,,,,,,,
112,112013,2007,58.60,76.49,84.44,87.20,2760.64,1,,,,,,,,,,,,,,
112,112013,2008,80.99,82.67,80.20,108.25,3168.95,1,,,,,,,,,,,,,,
112,112013,2009,115.47,39.07,65.33,71.18,2619.37,1,,,,,,,,,,,,,,
112,112013,2010,37.12,94.22,118.19,107.38,3212.22,1,,,,,,,,,,,,,,
112,112014,2000,62.52,92.60,64.69,111.27,2979.71,0,,,,,,,,,,,,,,
112,112014,2001,73.61,77.82,65.83,118.09,3018.09,0,,,,,,,,,,,,,,
112,112014,2002,19.24,60.97,75.12,91.31,2219.71,1,,,,,,,,,,,,,,
112,112014,2003,27.65,57.32,80.21,115.99,2530.56,0,,,,,,,,,,,,,,
112,112014,2004,26.91,61.93,68.75,69.24,2041.51,0,,,,,,,,,,,,,,
112,112014,2005,29.26,81.94,95.89,135.55,3083.71,0,,,,,,,,,,,,,,
112,112014,2006,64.59,104.12,92.99,80.28,3077.75,0,,,,,,,,,,,,,,
112,112014,2007,58.60,76.49,84.44,87.20,2760.64,0,,,,,,,,,,,,,,
112,112014,2008,80.99,82.67,80.20,108.25,3168.95,0,,,,,,,,,,,,,,
112,112014,2009,115.47,39.07,65.33,71.18,2619.37,0,,,,,,,,,,,,,,
112,112014,2010,37.12,94.22,118.19,107.38,3212.22,0,,,,,,,,,,,,,,
113,113001,2000,74.98,102.26,69.82,97.97,3105.23,0,,,,,,,,,,,,,,
113,113001,2001,80.38,82.00,66.03,113.90,3080.80,0,,,,,,,,,,,,,,
113,113001,2002,28.39,71.53,70.53,98.53,2420.95,0,,,,,,,,,,,,,,
113,113001,2003,37.78,68.44,76.35,122.31,2744.04,0,,,,,,,,,,,,,,
113,113001,2004,36.63,67.31,78.81,75.48,2324.04,0,,,,,,,,,,,,,,
113,113001,2005,39.59,82.48,79.43,117.89,2874.48,0,,,,,,,,,,,,,,
113,113001,2006,62.11,97.45,81.07,91.09,2985.52,0,,,,,,,,,,,,,,
113,113001,2007,70.95,102.37,85.36,88.96,3128.65,1,,,,,,,,,,,,,,
113,113001,2008,87.71,79.03,86.58,122.61,3383.35,1,,,,,,,,,,,,,,
113,113001,2009,132.91,42.09,62.10,81.64,2868.73,0,,,,,,,,,,,,,,
113,113001,2010,48.40,91.61,139.12,118.45,3578.17,0,,,,,,,,,,,,,,
113,113002,2000,74.98,102.26,69.82,97.97,3105.23,0,,,,,,,,,,,,,,
113,113002,2001,80.38,82.00,66.03,113.90,3080.80,1,,,,,,,,,,,,,,
113,113002,2002,28.39,71.53,70.53,98.53,2420.95,1,,,,,,,,,,,,,,
113,113002,2003,37.78,68.44,76.35,122.31,2744.04,0,,,,,,,,,,,,,,
113,113002,2004,36.63,67.31,78.81,75.48,2324.04,0,,,,,,,,,,,,,,
113,113002,2005,39.59,82.48,79.43,117.89,2874.48,0,,,,,,,,,,,,,,
113,113002,2006,62.11,97.45,81.07,91.09,2985.52,0,,,,,,,,,,,,,,
113,113002,2007,70.95,102.37,85.36,88.96,3128.65,1,,,,,,,,,,,,,,
113,113002,2008,87.71,79.03,86.58,122.61,3383.35,1,,,,,,,,,,,,,,
113,113002,2009,132.91,42.09,62.10,81.64,2868.73,1,,,,,,,,,,,,,,
113,113002,2010,48.40,91.61,139.12,118.45,3578.17,0,,,,,,,,,,,,,,
113,113003,2000,74.98,102.26,69.82,97.97,3105.23,0,,,,,,,,,,,,,,
113,113003,2001,80.38,82.00,66.03,113.90,3080.80,1,,,,,,,,,,,,,,
113,113003,2002,28.39,71.53,70.53,98.53,2420.95,0,,,,,,,,,,,,,,
113,113003,2003,37.78,68.44,76.35,122.31,2744.04,0,,,,,,,,,,,,,,
113,113003,2004,36.63,67.31,78.81,75.48,2324.04,0,,,,,,,,,,,,,,
113,113003,2005,39.59,82.48,79.43,117.89,2874.48,0,,,,,,,,,,,,,,
113,113003,2006,62.11,97.45,81.07,91.09,2985.52,0,,,,,,,,,,,,,,
113,113003,2007,70.95,102.37,85.36,88.96,3128.65,0,,,,,,,,,,,,,,
113,113003,2008,87.71,79.03,86.58,122.61,3383.35,1,,,,,,,,,,,,,,
113,113003,2009,132.91,42.09,62.10,81.64,2868.73,1,,,,,,,,,,,,,,
113,113003,2010,48.40,91.61,139.12,118.45,3578.17,0,,,,,,,,,,,,,,
113,113003,2000,74.98,102.26,69.82,97.97,3105.23,0,,,,,,,,,,,,,,
113,113003,2001,80.38,82.00,66.03,113.90,3080.80,1,,,,,,,,,,,,,,
113,113003,2002,28.39,71.53,70.53,98.53,2420.95,0,,,,,,,,,,,,,,
113,113003,2003,37.78,68.44,76.35,122.31,2744.04,0,,,,,,,,,,,,,,
113,113003,2004,36.63,67.31,78.81,75.48,2324.04,0,,,,,,,,,,,,,,
113,113003,2005,39.59,82.48,79.43,117.89,2874.48,0,,,,,,,,,,,,,,
113,113003,2006,62.11,97.45,81.07,91.09,2985.52,0,,,,,,,,,,,,,,
113,113003,2007,70.95,102.37,85.36,88.96,3128.65,0,,,,,,,,,,,,,,
113,113003,2008,87.71,79.03,86.58,122.61,3383.35,1,,,,,,,,,,,,,,
113,113003,2009,132.91,42.09,62.10,81.64,2868.73,1,,,,,,,,,,,,,,
113,113003,2010,48.40,91.61,139.12,118.45,3578.17,0,,,,,,,,,,,,,,
113,113004,2000,74.98,102.26,69.82,97.97,3105.23,0,,,,,,,,,,,,,,
113,113004,2001,80.38,82.00,66.03,113.90,3080.80,0,,,,,,,,,,,,,,
113,113004,2002,28.39,71.53,70.53,98.53,2420.95,0,,,,,,,,,,,,,,
113,113004,2003,37.78,68.44,76.35,122.31,2744.04,0,,,,,,,,,,,,,,
113,113004,2004,36.63,67.31,78.81,75.48,2324.04,0,,,,,,,,,,,,,,
113,113004,2005,39.59,82.48,79.43,117.89,2874.48,0,,,,,,,,,,,,,,
113,113004,2006,62.11,97.45,81.07,91.09,2985.52,0,,,,,,,,,,,,,,
113,113004,2007,70.95,102.37,85.36,88.96,3128.65,0,,,,,,,,,,,,,,
113,113004,2008,87.71,79.03,86.58,122.61,3383.35,0,,,,,,,,,,,,,,
113,113004,2009,132.91,42.09,62.10,81.64,2868.73,0,,,,,,,,,,,,,,
113,113004,2010,48.40,91.61,139.12,118.45,3578.17,0,,,,,,,,,,,,,,
113,113005,2000,100.87,89.65,92.92,130.13,3722.09,0,,,,,,,,,,,,,,
113,113005,2001,126.75,66.53,89.08,105.35,3489.50,0,,,,,,,,,,,,,,
113,113005,2002,96.17,74.25,83.44,104.72,3227.24,0,,,,,,,,,,,,,,
113,113005,2003,128.66,90.13,75.90,157.53,4069.88,0,,,,,,,,,,,,,,
113,113005,2004,88.23,89.65,78.69,130.27,3481.63,0,,,,,,,,,,,,,,
113,113005,2005,66.38,63.93,66.67,116.86,2824.65,0,,,,,,,,,,,,,,
113,113005,2006,92.84,106.49,54.90,133.21,3486.95,0,,,,,,,,,,,,,,
113,113005,2007,151.13,91.75,110.39,130.01,4349.56,0,,,,,,,,,,,,,,
113,113005,2008,137.83,96.78,155.87,149.66,4861.25,0,,,,,,,,,,,,,,
113,113005,2009,198.92,70.45,62.88,137.10,4224.11,1,,,,,,,,,,,,,,
113,113005,2010,75.72,89.72,142.14,129.96,3937.91,0,,,,,,,,,,,,,,
113,113006,2000,107.65,81.76,93.73,104.57,3489.36,0,,,,,,,,,,,,,,
113,113006,2001,113.02,67.54,86.98,97.36,3284.07,0,,,,,,,,,,,,,,
113,113006,2002,101.97,73.07,79.28,109.89,3277.95,0,,,,,,,,,,,,,,
113,113006,2003,136.81,91.50,72.40,148.53,4043.18,0,,,,,,,,,,,,,,
113,113006,2004,106.32,92.73,72.98,134.44,3658.23,0,,,,,,,,,,,,,,
113,113006,2005,80.86,71.87,66.25,102.87,2896.71,0,,,,,,,,,,,,,,
113,113006,2006,97.72,92.27,48.22,118.22,3207.78,0,,,,,,,,,,,,,,
113,113006,2007,152.35,83.23,108.79,128.38,4254.84,0,,,,,,,,,,,,,,
113,113006,2008,145.92,95.82,144.90,157.85,4900.47,1,,,,,,,,,,,,,,
113,113006,2009,195.27,83.00,61.41,139.60,4313.49,0,,,,,,,,,,,,,,
113,113006,2010,91.33,88.42,135.01,123.36,3943.02,0,,,,,,,,,,,,,,
113,113007,2000,107.65,81.76,93.73,104.57,3489.36,0,,,,,,,,,,,,,,
113,113007,2001,113.02,67.54,86.98,97.36,3284.07,0,,,,,,,,,,,,,,
113,113007,2002,101.97,73.07,79.28,109.89,3277.95,0,,,,,,,,,,,,,,
113,113007,2003,136.81,91.50,72.40,148.53,4043.18,0,,,,,,,,,,,,,,
113,113007,2004,106.32,92.73,72.98,134.44,3658.23,0,,,,,,,,,,,,,,
113,113007,2005,80.86,71.87,66.25,102.87,2896.71,0,,,,,,,,,,,,,,
113,113007,2006,97.72,92.27,48.22,118.22,3207.78,0,,,,,,,,,,,,,,
113,113007,2007,152.35,83.23,108.79,128.38,4254.84,0,,,,,,,,,,,,,,
113,113007,2008,145.92,95.82,144.90,157.85,4900.47,1,,,,,,,,,,,,,,
113,113007,2009,195.27,83.00,61.41,139.60,4313.49,1,,,,,,,,,,,,,,
113,113007,2010,91.33,88.42,135.01,123.36,3943.02,0,,,,,,,,,,,,,,
113,113008,2000,107.17,72.16,83.91,73.04,3026.54,0,,,,,,,,,,,,,,
113,113008,2001,94.24,59.64,80.29,85.29,2875.14,0,,,,,,,,,,,,,,
113,113008,2002,106.35,64.24,71.70,102.78,3105.54,0,,,,,,,,,,,,,,
113,113008,2003,130.85,77.09,61.98,116.65,3479.12,0,,,,,,,,,,,,,,
113,113008,2004,118.24,82.12,64.53,126.44,3521.94,0,,,,,,,,,,,,,,
113,113008,2005,84.82,73.38,58.24,93.92,2793.20,0,,,,,,,,,,,,,,
113,113008,2006,100.80,77.47,55.70,92.13,2934.99,0,,,,,,,,,,,,,,
113,113008,2007,136.92,80.22,89.28,110.85,3755.32,0,,,,,,,,,,,,,,
113,113008,2008,142.85,79.25,105.90,163.67,4425.03,1,,,,,,,,,,,,,,
113,113008,2009,168.87,84.71,53.89,120.74,3854.00,1,,,,,,,,,,,,,,
113,113008,2010,95.17,61.88,109.68,96.89,3272.61,0,,,,,,,,,,,,,,
113,113009,2000,125.39,81.44,86.04,73.46,3297.01,0,,,,,,,,,,,,,,
113,113009,2001,104.64,70.49,81.84,94.10,3159.68,1,,,,,,,,,,,,,,
113,113009,2002,124.49,74.75,77.79,115.85,3535.96,1,,,,,,,,,,,,,,
113,113009,2003,153.83,88.83,68.79,133.95,4008.65,0,,,,,,,,,,,,,,
113,113009,2004,144.35,95.84,76.81,145.75,4164.84,0,,,,,,,,,,,,,,
113,113009,2005,106.99,89.34,64.50,100.17,3249.03,0,,,,,,,,,,,,,,
113,113009,2006,112.44,83.12,58.04,94.48,3132.74,0,,,,,,,,,,,,,,
113,113009,2007,144.70,86.75,90.55,122.85,4003.63,1,,,,,,,,,,,,,,
113,113009,2008,151.77,81.99,96.01,170.57,4503.10,1,,,,,,,,,,,,,,
113,113009,2009,183.28,99.88,57.36,138.31,4309.56,1,,,,,,,,,,,,,,
113,113009,2010,113.67,73.49,113.33,102.99,3631.31,0,,,,,,,,,,,,,,
113,113010,2000,130.35,83.20,78.11,87.36,3411.21,0,,,,,,,,,,,,,,
113,113010,2001,118.17,68.75,79.49,95.18,3254.30,0,,,,,,,,,,,,,,
113,113010,2002,153.69,70.48,73.92,108.53,3659.57,0,,,,,,,,,,,,,,
113,113010,2003,162.78,87.58,71.69,137.31,4134.21,0,,,,,,,,,,,,,,
113,113010,2004,157.40,82.26,83.55,141.91,4186.11,0,,,,,,,,,,,,,,
113,113010,2005,123.70,89.17,62.06,98.22,3358.38,0,,,,,,,,,,,,,,
113,113010,2006,113.45,87.63,59.73,92.11,3176.21,0,,,,,,,,,,,,,,
113,113010,2007,139.13,91.03,86.89,134.59,4064.76,0,,,,,,,,,,,,,,
113,113010,2008,144.85,83.39,88.91,160.90,4302.39,0,,,,,,,,,,,,,,
113,113010,2009,173.02,100.90,56.19,141.67,4246.08,1,,,,,,,,,,,,,,
113,113010,2010,126.18,80.31,119.50,105.50,3883.43,0,,,,,,,,,,,,,,
113,113011,2000,128.91,79.60,70.92,100.92,3423.21,0,,,,,,,,,,,,,,
113,113011,2001,126.72,64.18,76.24,98.33,3289.29,0,,,,,,,,,,,,,,
113,113011,2002,178.22,62.85,64.49,99.08,3641.73,0,,,,,,,,,,,,,,
113,113011,2003,161.57,84.63,71.14,137.24,4091.21,0,,,,,,,,,,,,,,
113,113011,2004,160.66,67.68,84.72,133.48,4018.89,0,,,,,,,,,,,,,,
113,113011,2005,130.46,85.32,57.79,99.47,3357.33,0,,,,,,,,,,,,,,
113,113011,2006,111.13,88.62,59.28,93.81,3175.54,0,,,,,,,,,,,,,,
113,113011,2007,128.78,97.00,85.04,147.66,4126.29,0,,,,,,,,,,,,,,
113,113011,2008,130.43,84.25,82.91,148.78,4017.33,0,,,,,,,,,,,,,,
113,113011,2009,155.38,92.57,54.75,140.95,3992.86,1,,,,,,,,,,,,,,
113,113011,2010,135.78,87.35,124.46,108.38,4103.75,0,,,,,,,,,,,,,,
113,113012,2000,128.91,79.60,70.92,100.92,3423.21,0,,,,,,,,,,,,,,
113,113012,2001,126.72,64.18,76.24,98.33,3289.29,0,,,,,,,,,,,,,,
113,113012,2002,178.22,62.85,64.49,99.08,3641.73,0,,,,,,,,,,,,,,
113,113012,2003,161.57,84.63,71.14,137.24,4091.21,0,,,,,,,,,,,,,,
113,113012,2004,160.66,67.68,84.72,133.48,4018.89,0,,,,,,,,,,,,,,
113,113012,2005,130.46,85.32,57.79,99.47,3357.33,0,,,,,,,,,,,,,,
113,113012,2006,111.13,88.62,59.28,93.81,3175.54,0,,,,,,,,,,,,,,
113,113012,2007,128.78,97.00,85.04,147.66,4126.29,1,,,,,,,,,,,,,,
113,113012,2008,130.43,84.25,82.91,148.78,4017.33,0,,,,,,,,,,,,,,
113,113012,2009,155.38,92.57,54.75,140.95,3992.86,0,,,,,,,,,,,,,,
113,113012,2010,135.78,87.35,124.46,108.38,4103.75,0,,,,,,,,,,,,,,
113,113013,2000,116.21,70.35,67.89,94.12,3137.11,0,,,,,,,,,,,,,,
113,113013,2001,113.88,57.02,72.19,94.31,3036.55,1,,,,,,,,,,,,,,
113,113013,2002,158.88,53.50,56.79,88.90,3222.61,1,,,,,,,,,,,,,,
113,113013,2003,149.60,73.22,64.53,130.23,3758.23,1,,,,,,,,,,,,,,
113,113013,2004,145.04,62.15,71.45,125.55,3637.68,0,,,,,,,,,,,,,,
113,113013,2005,106.35,71.93,52.69,98.00,2960.74,0,,,,,,,,,,,,,,
113,113013,2006,104.87,82.05,63.52,94.19,3101.68,1,,,,,,,,,,,,,,
113,113013,2007,110.41,92.00,82.39,139.28,3816.78,1,,,,,,,,,,,,,,
113,113013,2008,118.47,77.00,83.63,151.89,3878.95,1,,,,,,,,,,,,,,
113,113013,2009,139.33,74.54,52.51,128.47,3553.69,1,,,,,,,,,,,,,,
113,113013,2010,110.50,73.74,116.23,107.62,3672.85,0,,,,,,,,,,,,,,
